3036705.521,6.1578E-10
3121939.559,6.46569E-10
3198487.087,5.84991E-10
3288206.414,1.20077E-09
3647838.277,1.72419E-09
3750229.275,1.72419E-09
3835534.491,1.72419E-09
3963650.905,2.2476E-09
4074906.432,2.2476E-09
4174813.739,2.2476E-09
4314262.925,2.8018E-09
4423872.796,2.74022E-09
4567679.012,3.32521E-09
4682373.779,3.29443E-09
4913091.945,3.84863E-09
5049735.753,3.91021E-09
5137789.338,4.40283E-09
5411428.868,4.86467E-09
5621274.145,5.48045E-09
5819144.153,5.75755E-09
5910417.683,6.03465E-09
6171526.023,6.83516E-09
6541455.608,7.97436E-09
6850111.686,9.05197E-09
7164986.447,1.04991E-08
7387111.865,1.1669E-08
7646912.881,1.29622E-08
7853141.646,1.40398E-08
8062115.51,1.52406E-08
8316717.128,1.69648E-08
8605162.909,1.8535E-08
8765159.413,1.96434E-08
8964115.669,2.12444E-08
9202811.411,2.31533E-08
9424325.263,2.49083E-08
9638218.06,2.66017E-08
9839945.713,2.82027E-08
10045895.52,2.98346E-08
10247239.85,3.15895E-08
10434619.92,3.3129E-08
10616189.38,3.48224E-08
10800975.55,3.63618E-08
10988774.15,3.84863E-08
11141396.79,4.01181E-08
11276671.99,4.15344E-08
11413570.74,4.30431E-08
11552139.11,4.44901E-08
11672127.51,4.6122E-08
11773077.12,4.74151E-08
11874899.82,4.8739E-08
11973200.55,5.08019E-08
12143605.4,5.26492E-08
12227524.04,5.37884E-08
12311900.17,5.52663E-08
12397006.47,5.63439E-08
12426270.16,5.85299E-08
12503446.26,5.97615E-08
12655217.08,6.13317E-08
12731386.83,6.31791E-08
12869890.13,6.58577E-08
13007745.2,6.82901E-08
13074812.33,6.99219E-08
13232439.61,7.42015E-08
13331241.96,7.6172E-08
13392073.75,7.82349E-08
13461015.37,8.0113E-08
13483788.67,8.1437E-08
13553256.34,8.31919E-08
13638569.13,8.55319E-08
13692831.52,8.77487E-08
13739611.51,8.94421E-08
13826106.51,9.17513E-08
13857193.01,9.38141E-08
13904230.36,9.62157E-08
13904728.08,9.50149E-08
13951621.59,9.81554E-08
13999090.84,1.00311E-07
14071017.44,1.02527E-07
14094766.67,1.04005E-07
14142497.95,1.06684E-07
14143004.21,1.05483E-07
14190390.88,1.09363E-07
14190955.29,1.08039E-07
14238842.41,1.11118E-07
14287459.37,1.12873E-07
14336489.43,1.14012E-07
14360553.45,1.15798E-07
14384276.46,1.18507E-07
14384848.58,1.17152E-07
14432988.15,1.21186E-07
14433523.94,1.19923E-07
14482296.81,1.22848E-07
14506365.17,1.25219E-07
14555779.78,1.2722E-07
14580463.18,1.28421E-07
14646490.41,1.31654E-07
14679499.3,1.33532E-07
14704100.09,1.3541E-07
14728390.62,1.38089E-07
14728976.43,1.36765E-07
14777797.42,1.41845E-07
14778620.31,1.39967E-07
14827369.96,1.45601E-07
14827959.71,1.44277E-07
14828490.5,1.43046E-07
14878025.98,1.47295E-07
14928647.24,1.4945E-07
14979232.21,1.52067E-07
15029241.36,1.56347E-07
15030078.25,1.54469E-07
15079657.38,1.60103E-07
15080497.07,1.58225E-07
15130362.87,1.63582E-07
15131175.3,1.61796E-07
15181721.92,1.66014E-07
15182265.37,1.64814E-07
15207224.84,1.67769E-07
15232407.1,1.70294E-07
15233012.95,1.6897E-07
15284659.65,1.71526E-07
15336359.45,1.74327E-07
15336928.77,1.73065E-07
15388662.56,1.76206E-07
15414206.57,1.78638E-07
15439670.17,1.81317E-07
15440284.27,1.79962E-07
15509835.05,1.83995E-07
15544109.58,1.87351E-07
15544789.66,1.85873E-07
15596811.03,1.89907E-07
15597369.35,1.88706E-07
15650095.76,1.91569E-07
15703500.06,1.93386E-07
15784340.78,1.95264E-07
15811044.66,1.96619E-07
15883002.52,1.99082E-07
15918777.04,2.00991E-07
16000800.24,2.02715E-07
16223013.19,2.04378E-07
16421457.21,2.02776E-07
16478968.34,2.01576E-07
16536943.98,1.99821E-07
16595420.61,1.97481E-07
16653772.82,1.95818E-07
16654368.97,1.94587E-07
16712828.75,1.93109E-07
16713493.49,1.91785E-07
16772961.33,1.88706E-07
16801538.23,1.8963E-07
16832105.17,1.86674E-07
16832992.24,1.84888E-07
16892062.23,1.83472E-07
16893473.18,1.80639E-07
16900000,1.81994E-07
16952772.25,1.79161E-07
16953446.54,1.77837E-07
16954120.84,1.76483E-07
17013700.48,1.74882E-07
17014377.18,1.73527E-07
17015053.91,1.72172E-07
17074847.67,1.70571E-07
17075526.81,1.69247E-07
17076477.65,1.67338E-07
17136487.26,1.65737E-07
17137168.85,1.64413E-07
17137782.3,1.63182E-07
17198041.55,1.61519E-07
17258787.25,1.59302E-07
17259473.71,1.57948E-07
17260091.54,1.56747E-07
17320677.51,1.55269E-07
17321400.87,1.53853E-07
17322055.37,1.5259E-07
17322675.44,1.5139E-07
17383481.09,1.49912E-07
17384172.51,1.48557E-07
17384863.95,1.47233E-07
17385486.27,1.46002E-07
17446512.4,1.44524E-07
17447206.32,1.432E-07
17447900.26,1.41845E-07
17448524.84,1.40644E-07
17509772.25,1.39166E-07
17510468.68,1.37812E-07
17511165.15,1.36488E-07
17512070.59,1.34733E-07
17573541.05,1.33255E-07
17574240.03,1.31931E-07
17574939.03,1.30576E-07
17575847.77,1.28821E-07
17637542.1,1.27343E-07
17638243.62,1.26019E-07
17638945.16,1.24665E-07
17639857.21,1.22941E-07
17701917.04,1.21186E-07
17702621.12,1.19831E-07
17703325.23,1.18507E-07
17704029.36,1.17152E-07
17766526.95,1.14997E-07
17767233.6,1.13673E-07
17767940.27,1.12318E-07
17768576.31,1.11118E-07
17831088.99,1.09363E-07
17831798.21,1.08039E-07
17832507.45,1.06684E-07
17833429.51,1.04929E-07
17896028,1.03451E-07
17896739.8,1.02127E-07
17897451.63,1.00772E-07
17898092.3,9.95717E-08
17960917.76,9.80938E-08
17961632.14,9.67391E-08
17962346.55,9.54152E-08
17963311.05,9.35986E-08
18026329.6,9.21823E-08
18027046.58,9.08584E-08
18027763.59,8.95037E-08
18028480.63,8.8149E-08
18091691.82,8.6825E-08
18092411.41,8.54703E-08
18093706.72,8.30688E-08
18157579.92,8.09135E-08
18158302.13,7.95588E-08
18159313.26,7.76807E-08
18223418.06,7.55563E-08
18224142.88,7.42015E-08
18225085.19,7.24466E-08
18289203.94,7.07224E-08
18289931.38,6.93677E-08
18290877.09,6.76127E-08
18355081.3,6.61656E-08
18355860.03,6.47185E-08
18356833.49,6.29328E-08
18421342.49,6.13317E-08
18422075.18,5.9977E-08
18423101,5.80989E-08
18487989.94,5.62208E-08
18488725.28,5.4866E-08
18489460.65,5.35421E-08
18554435.73,5.19103E-08
18555173.71,5.05864E-08
18555911.73,4.92316E-08
18620972.2,4.79077E-08
18621712.83,4.6553E-08
18622379.43,4.53522E-08
18687747.27,4.38744E-08
18688787.88,4.19962E-08
18754612.61,4.01181E-08
18755619.65,3.83015E-08
18821866.92,3.60847E-08
18822615.54,3.473E-08
18823364.19,3.34061E-08
18824374.92,3.15895E-08
18890489.37,3.00501E-08
18891541.28,2.8172E-08
18957853.93,2.66941E-08
18958607.96,2.53394E-08
19025383.03,2.34612E-08
19092241.43,2.18602E-08
19093000.81,2.05055E-08
19160363.54,1.84426E-08
19227734.52,1.67492E-08
19295304.01,1.51482E-08
19363110.95,1.35472E-08
19431156.18,1.19154E-08
19499440.53,1.03143E-08
19602005.39,8.43619E-09
19705109.73,6.55806E-09
19774278.15,5.08019E-09
19981654.04,3.32521E-09
20214426.82,1.72419E-09
20473268.05,5.23413E-10
